processor,0-> 1-> 2-> 3-> 4-> 5-> 6-> 7-> 8-> 9-> 10-> 11-> 12-> 13-> 14-> 15-> 16-> 17-> 18-> 20,20
intel,0-> 2-> 4-> 5-> 8-> 10-> 11-> 12-> 13-> 14-> 15-> 17-> 18-> 19-> 20,15
core,0-> 2-> 4-> 5-> 6-> 8-> 9-> 10-> 12-> 14-> 15-> 18-> 19-> 20,14
i5,0-> 2-> 4-> 6-> 8-> 11-> 12-> 15,8
8250u,0-> 2-> 4-> 6-> 8-> 11-> 12,7
3.4,0-> 2,2
ghz,0-> 2-> 4-> 7-> 17-> 20,6
base,0-> 1-> 2-> 3-> 4-> 5-> 7-> 9,8
speed,0-> 1-> 2-> 3-> 4-> 5-> 7-> 9-> 16,9
6mb,0-> 2,2
cache,0-> 2,2
operating,0-> 1-> 2-> 3-> 4-> 5-> 6-> 7-> 8-> 9-> 10-> 11-> 12-> 13-> 14-> 15-> 17-> 18,18
system,0-> 1-> 2-> 3-> 4-> 5-> 6-> 7-> 8-> 9-> 10-> 11-> 12-> 13-> 14-> 15-> 17-> 18,18
pre,0-> 1-> 2-> 3-> 4-> 7-> 8-> 9,8
loaded,0-> 1-> 2-> 3-> 4-> 8-> 9,7
windows,0-> 1-> 2-> 3-> 4-> 5-> 6-> 8-> 9-> 10-> 11-> 12-> 13-> 14-> 15-> 17-> 18-> 19,18
10,0-> 1-> 2-> 3-> 4-> 5-> 6-> 8-> 9-> 10-> 11-> 12-> 13-> 14-> 15-> 17-> 18-> 19,18
with,0-> 1-> 2-> 3-> 4-> 5-> 7-> 8-> 9-> 12-> 15-> 16-> 19-> 20,14
lifetime,0-> 1-> 2-> 3-> 4-> 5-> 8-> 9-> 12,9
validity,0-> 1-> 2-> 3-> 4-> 5-> 8-> 9-> 12,9
display,0-> 1-> 2-> 3-> 4-> 5-> 7-> 8-> 9-> 12-> 20,11
13.3,0-> 2-> 11-> 13,4
inch,0-> 1-> 2-> 3-> 4-> 5-> 7-> 8-> 10-> 11-> 12-> 13-> 14-> 15-> 17-> 18-> 20,17
fhd,0-> 8-> 2-> 18,4
(1920,0-> 8-> 2-> 18,4
x,0-> 8-> 2-> 18,4
1080),0-> 2-> 18,3
led,0-> 2-> 18-> 20,4
anti,0-> 2-> 18,3
glare,0-> 2-> 18,3
backlit,0-> 2-> 18-> 19-> 20,5
memory,0-> 1-> 2-> 3-> 4-> 5-> 7-> 8-> 9-> 12,10
&,0-> 1-> 2-> 3-> 4-> 5-> 7-> 8-> 9-> 12-> 16,11
storage,0-> 1-> 2-> 3-> 4-> 5-> 7-> 8-> 9-> 12,10
8gb,0-> 2-> 4-> 6-> 8-> 11-> 12-> 15-> 16,9
ddr,0-> 2,2
ram,0-> 1-> 2-> 3-> 4-> 5-> 6-> 7-> 8-> 9-> 10-> 11-> 12-> 13-> 14-> 15-> 16-> 17-> 18-> 19-> 20,21
uhd,0-> 2-> 4-> 11-> 12,5
620,0-> 2-> 4-> 5-> 11-> 12,6
graphics,0-> 1-> 2-> 3-> 4-> 5-> 7-> 8-> 9-> 10-> 11-> 12-> 13-> 14-> 15-> 17-> 18-> 20,18
256gb,0-> 16-> 2-> 11,4
ssd,0-> 16-> 2-> 14,4
design,0-> 1-> 2-> 3-> 4-> 5-> 7-> 8-> 9-> 12,10
battery,0-> 1-> 2-> 3-> 4-> 5-> 7-> 8-> 9-> 12,10
thin,0-> 2,2
and,0-> 1-> 2-> 3-> 4-> 5-> 7-> 8-> 9-> 12-> 15,11
light,0-> 16-> 2,3
laptop,0-> 1-> 2-> 3-> 4-> 5-> 7-> 8-> 9-> 10-> 11-> 12-> 13-> 14-> 16-> 19,16
weight,0-> 1-> 2-> 3-> 4-> 5-> 7-> 8-> 9-> 12-> 16,11
1.50kg,0-> 2,2
lithium,0-> 1-> 2-> 3-> 4-> 7-> 8-> 9,8
warranty,0-> 1-> 2-> 3-> 4-> 5-> 7-> 8-> 9-> 12-> 15,11
this,0-> 1-> 2-> 3-> 4-> 5-> 7-> 8-> 9-> 12-> 15,11
genuine,0-> 1-> 2-> 3-> 4-> 5-> 7-> 8-> 9-> 12,10
dell,0-> 1-> 2-> 3-> 4-> 5-> 7-> 8-> 9-> 12,10
comes,0-> 1-> 2-> 3-> 4-> 5-> 7-> 8-> 9-> 12-> 15,11
1,0-> 1-> 2-> 3-> 4-> 5-> 7-> 8-> 9-> 12-> 19,11
year,0-> 1-> 2-> 3-> 4-> 5-> 7-> 8-> 9-> 12,10
onsite,0-> 2-> 12-> 5,4
domestic,0-> 1-> 2-> 3-> 4-> 5-> 7-> 8-> 9-> 12,10
from,0-> 1-> 2-> 3-> 4-> 5-> 7-> 8-> 9-> 12-> 18,11
covering,0-> 1-> 2-> 3-> 4-> 5-> 7-> 8-> 9-> 12,10
hardware,0-> 1-> 2-> 3-> 4-> 7-> 8-> 9,8
issues,0-> 1-> 2-> 3-> 4-> 7-> 8-> 9,8
not,0-> 1-> 2-> 3-> 4-> 5-> 7-> 8-> 9-> 12,10
physical,0-> 1-> 2-> 3-> 4-> 5-> 7-> 8-> 9-> 12,10
damage.,0-> 1-> 2-> 3-> 4-> 5-> 7-> 8-> 9-> 12,10
for,0-> 1-> 2-> 3-> 4-> 5-> 7-> 8-> 9-> 12-> 16-> 19,12
more,0-> 1-> 2-> 3-> 4-> 5-> 6-> 7-> 8-> 9-> 10-> 11-> 12-> 13-> 14-> 15-> 16-> 17-> 18-> 19-> 20,21
details,0-> 1-> 2-> 3-> 4-> 5-> 6-> 7-> 8-> 9-> 10-> 11-> 12-> 13-> 14-> 15-> 16-> 17-> 19-> 20,20
see,0-> 1-> 2-> 3-> 4-> 5-> 6-> 7-> 8-> 9-> 10-> 11-> 12-> 13-> 14-> 15-> 16-> 17-> 19-> 20,20
section,0-> 1-> 2-> 3-> 4-> 5-> 7-> 8-> 9-> 12,10
below.,0-> 1-> 2-> 3-> 4-> 7-> 8-> 9,8
installed,0-> 1-> 2-> 3-> 4-> 7-> 8-> 9,8
software,0-> 1-> 2-> 3-> 4-> 5-> 7-> 8-> 9-> 12,10
ms,0-> 2-> 4-> 5-> 8-> 12,6
office,0-> 2-> 4-> 5-> 8-> 12,6
home,0-> 2-> 4-> 5-> 8-> 12-> 13-> 14-> 15-> 18,10
student,0-> 2-> 4-> 5-> 8-> 12,6
2016,0-> 2-> 4-> 5-> 8-> 12,6
in,0-> 1-> 2-> 3-> 4-> 5-> 7-> 8-> 9-> 12-> 16-> 19,12
the,0-> 1-> 2-> 3-> 4-> 5-> 7-> 8-> 9-> 12-> 15-> 16-> 18,13
box,0-> 1-> 2-> 3-> 4-> 5-> 7-> 8-> 9-> 12,10
included,0-> 1-> 2-> 3-> 4-> 7-> 8-> 9,8
charger,0-> 1-> 2-> 3-> 4-> 7-> 8-> 9,8
ports,0-> 1-> 2-> 3-> 4-> 5-> 7-> 8-> 9-> 12-> 16,11
cd,0-> 1-> 2-> 3-> 4-> 5-> 7-> 8-> 9-> 12,10
drive,0-> 1-> 2-> 3-> 4-> 5-> 7-> 8-> 9-> 10-> 11-> 12-> 13-> 14-> 15-> 17-> 18-> 19-> 20,19
3,0-> 2-> 19,3
usb,0-> 1-> 2-> 3-> 4-> 5-> 7-> 8-> 9-> 12-> 16-> 19,12
3.1,0-> 2-> 19,3
hdmi,0-> 1-> 2-> 3-> 4-> 5-> 7-> 16-> 19,9
sd,0-> 1-> 2-> 3-> 19,5
card,0-> 1-> 2-> 3-> 16-> 19,6
reader,0-> 1-> 2-> 3-> 16-> 19,6
audio,0-> 2-> 4-> 5-> 7,5
out,0-> 2-> 4-> 5-> 7,5
without,0-> 2,2
›,0-> 2-> 5-> 6-> 8-> 9-> 10-> 11-> 12-> 13-> 14-> 15-> 16-> 17-> 19-> 20,16
product,0-> 2-> 5-> 6-> 8-> 9-> 10-> 11-> 12-> 13-> 14-> 15-> 16-> 17-> 18-> 19-> 20,17
7th,1-> 3-> 9-> 10-> 13-> 16-> 18,7
gen,1-> 3-> 4-> 5-> 8-> 9-> 10-> 12-> 13-> 15-> 16-> 18-> 19,13
amd,1-> 3-> 7-> 8-> 9-> 19,6
e2,1-> 3-> 7,3
9000,1-> 3-> 7,3
1.80ghz,1-> 3,2
15.6,1-> 3-> 4-> 5-> 7-> 8-> 9-> 10-> 12-> 14-> 15-> 17,12
hd,1-> 3-> 4-> 5-> 7-> 12-> 13-> 16-> 18-> 19-> 20,11
(1366x768),1-> 3-> 7,3
4gb,1-> 3-> 5-> 7-> 9-> 10-> 13-> 14-> 17-> 18-> 19-> 20,12
ddr4,1-> 3-> 4-> 5-> 6-> 7-> 8-> 9-> 10-> 11-> 12-> 13-> 14-> 16-> 18,15
integrated,1-> 3-> 9-> 17,4
1tb,1-> 3-> 4-> 5-> 7-> 9-> 10-> 12-> 13-> 14-> 15-> 18,12
hdd,1-> 3-> 4-> 5-> 6-> 7-> 8-> 9-> 12-> 18,10
2.5kg,1-> 3-> 4-> 7-> 8,5
none,1-> 3-> 9-> 7,4
2.0,1-> 3-> 4-> 5-> 7-> 8-> 9-> 12-> 16,9
2,1-> 3-> 4-> 5-> 6-> 7-> 8-> 9-> 12-> 16,10
3.0,1-> 3-> 4-> 5-> 7-> 8-> 9-> 12-> 16,9
.it,1-> 3,2
is,1-> 3-> 7-> 15-> 16,5
suitable,1-> 3,2
basic,1-> 3,2
use,1-> 3,2
show,1-> 3-> 4-> 7-> 18,5
8th,4-> 5-> 6-> 8-> 12-> 19,6
1.60,17-> 4,2
full,4-> 5-> 12-> 16-> 19,5
(1920x1080),16-> 12-> 4-> 5,4
user,4-> 7,2
guide,4-> 7,2
manual,4-> 7,2
other,4-> 7,2
features,4-> 7,2
waves,4-> 7,2
maxxaudio,4-> 7,2
i3,13-> 18-> 20-> 5,4
8130,5,1
3.0ghz,5,1
preloaded,12-> 5,2
16gb,10-> 19-> 5,3
optane,5,1
2.5,9-> 12-> 5,3
kg,9-> 12-> 5,3
manufacturing,12-> 5,2
defects,12-> 5,2
preinstalled,12-> 5,2
ac,12-> 5,2
adapter,12-> 5,2
generation,18-> 20-> 6,3
tb,6,1
+,6-> 14,2
msoffice,6,1
1.80,7,1
an,7,1
ubuntu,20-> 7,2
based,7,1
laptop.,7,1
requires,7,1
separate,7,1
purchase,7,1
installation,7,1
of,16-> 15-> 7,3
(like,7,1
windows),7,1
box.,7,1
refer,7,1
to,16-> 15-> 7,3
website,7,1
drivers.,7,1
radeon,8-> 19-> 7,3
shared,7,1
1080,8,1
),8,1
530,8-> 19,2
2gb,8-> 15,2
2tb,8-> 19,2
apu,9,1
dual,9,1
a6,9,1
2ghz,9,1
inch(1366x768),9,1
2.8ghz,10,1
i7,16-> 10-> 19-> 14,4
hard,10-> 11-> 13-> 14-> 15-> 17-> 18-> 19-> 20,9
screen,10-> 11-> 13-> 14-> 15-> 17-> 18-> 19,8
nvidia,10-> 14-> 15,3
geforce,10-> 14-> 15,3
gtx,10-> 14,2
1050,10-> 14,2
tiâ,10,1
3.00kg,10,1
1.6ghz,11,1
(8th,11,1
gen),11,1
0gb,11,1
1.63kg,11,1
2.4ghz,13,1
7100u,13,1
5400rpm,13-> 15-> 17-> 18-> 20,5
serial,17-> 13-> 15,3
ata,17-> 13-> 15,3
1.62kg,13,1
7700hq,14,1
128gb,14,1
ti,14,1
3.5kg,14,1
certified,15,1
refurbished,15,1
tested,15,1
work,15,1
look,15,1
like,15,1
new,16-> 15,2
minimal,15,1
or,15,1
no,15,1
signs,15,1
wear;,15,1
relevant,15,1
accessories,15,1
backed,15,1
by,15,1
a,16-> 15,2
minimum,15,1
six,15,1
month,15,1
seller,15,1
brand,15,1
2.7ghz,18-> 15,2
5200u,15,1
5th,15,1
ddr3l,20-> 15,2
920m,15,1
cutting,16,1
edge,16,1
13",16,1
performance,16,1
machine,16,1
iwth,16,1
7500,16,1
hi,16,1
all,16,1
built,16,1
compact,16,1
form,16,1
factor,16,1
13.3",16,1
razor,16,1
sleek,16,1
definition,16,1
touchcreen,16,1
in1,16,1
array,16,1
communications,16,1
cam,16,1
mic,16,1
slick,16,1
power,16,1
packed,16,1
that,16,1
sure,16,1
make,16,1
statement,16,1
on,16,1
table,16,1
pentium,17,1
n3700,17,1
ddr3,17,1
500gb,17-> 20,2
21.5,18,1
ips,18,1
7130u,18,1
buy,18,1
original,18,1
estore,18,1
single,18,1
language,18,1
gaming,19,1
touch,19,1
keyboard,19,1
professional,19,1
finger,19,1
print,19,1
added,19,1
security,19,1
(2),19,1
usb2.0,19,1
(1),19,1
1.4b,19,1
noble,19,1
lock,19,1
media,19,1
(sd,19,1
sdhc,19,1
sdxc),19,1
8550u,19,1
1.7,20,1
4005u,20,1
4th,20,1
1600mhz,20,1
sata,20,1
15,20,1
4400,20,1
